ReviewID,CustomerName,ProductName,Rating,ReviewDate,ReviewText
REV-1001,Maria Santos,Ultra HD Smart Television,5,2025-01-15,"Absolutely love this TV! The picture quality is stunning and the smart features work flawlessly. Setup was a breeze and the voice control is incredibly responsive. Best purchase I've made in years."
REV-1002,James Mitchell,Ergonomic Office Chair,2,2025-01-18,"Chair arrived with a damaged armrest and the lumbar support feels flimsy. I've been going back and forth with customer service for two weeks trying to get a replacement. Very frustrating experience overall."
REV-1003,Angela Rivera,Cordless Power Drill Set,4,2025-01-20,"Solid drill for the price. Battery life is impressive and the included bit set covers most needs. Only knocked off a star because the carrying case feels cheap and the charger runs hot. Would still recommend for DIY projects."
REV-1004,Robert Huang,Smart Refrigerator,1,2025-01-22,"The touchscreen stopped working after three days. The ice maker leaks constantly and has already damaged my kitchen floor. For $2400 this is completely unacceptable. I want a full refund and will never buy from this brand again."
REV-1005,Diane Okafor,Carbon Fiber Mountain Bike,5,2025-01-25,"This bike is a dream on the trails. The carbon frame is incredibly light yet rigid and the suspension handles everything from smooth singletrack to rocky descents. Worth every penny for serious riders."
REV-1006,Kevin Park,Ultra HD Smart Television,3,2025-01-27,"Picture quality is good but not great for the price point. The smart TV interface is sluggish and the remote feels cheap. Sound quality is mediocre — you'll definitely need a soundbar. It's fine but nothing special."
REV-1007,Sarah Johansson,Ergonomic Office Chair,5,2025-01-29,"After years of back pain from my old chair, this has been life-changing. The mesh back keeps me cool during long work sessions and the adjustability options are excellent. My posture has improved dramatically."
REV-1008,Tom Brennan,Cordless Power Drill Set,3,2025-02-01,"Does the job for basic home repairs. Battery charges fast which is nice. However the chuck wobbles slightly at high speed and one of the drill bits snapped on the first use. Acceptable for casual use, not for professionals."
REV-1009,Lisa Nakamura,Smart Refrigerator,4,2025-02-03,"Love the French door design and the smart features are genuinely useful — the grocery list on the touchscreen is great. Runs a bit loud at night though. Deducting a star for that but otherwise very happy with the purchase."
REV-1010,Marcus Williams,Carbon Fiber Mountain Bike,2,2025-02-05,"Bike looks great but the derailleur needed adjustment right out of the box and the front brake was rubbing. For a bike at this price point I expected better quality control. Took it to a shop and spent another $80 getting it rideable."
